file,threshold,winner_baseline,winner_fine,winner_condensed,winner_one_round,winner_one_round_condensed
Ward2-Leven_west dunbartonshire2022ward 2.csv,0.0,"('John Kelly MILLAR (Lab)',)","('John Kelly MILLAR (Lab)',)","('John Kelly MILLAR (Lab)',)","('Ian DICKSON (SNP)',)","('Jim BOLLAN (WDuns)',)"
Ward2-Leven_west dunbartonshire2022ward 2.csv,0.01,"('John Kelly MILLAR (Lab)',)","('John Kelly MILLAR (Lab)',)","('John Kelly MILLAR (Lab)',)","('Ian DICKSON (SNP)', 'John Kelly MILLAR (Lab)')","('Ian DICKSON (SNP)', 'John Kelly MILLAR (Lab)')"
Ward2-Leven_west dunbartonshire2022ward 2.csv,0.02,"('John Kelly MILLAR (Lab)',)","('John Kelly MILLAR (Lab)',)","('John Kelly MILLAR (Lab)',)","('Ian DICKSON (SNP)', 'John Kelly MILLAR (Lab)')","('Ian DICKSON (SNP)', 'John Kelly MILLAR (Lab)')"
Ward2-Leven_west dunbartonshire2022ward 2.csv,0.03,"('John Kelly MILLAR (Lab)',)","('John Kelly MILLAR (Lab)',)","('John Kelly MILLAR (Lab)',)","('Ian DICKSON (SNP)',)","('Ian DICKSON (SNP)',)"
Ward2-Leven_west dunbartonshire2022ward 2.csv,0.04,"('John Kelly MILLAR (Lab)',)","('John Kelly MILLAR (Lab)',)","('John Kelly MILLAR (Lab)',)","('Ian DICKSON (SNP)', 'John Kelly MILLAR (Lab)', 'Michelle Marie MCGINTY (Lab)')","('Ian DICKSON (SNP)', 'John Kelly MILLAR (Lab)', 'Michelle Marie MCGINTY (Lab)')"
Ward2-Leven_west dunbartonshire2022ward 2.csv,0.05,"('John Kelly MILLAR (Lab)',)","('John Kelly MILLAR (Lab)',)","('John Kelly MILLAR (Lab)',)","('Ian DICKSON (SNP)', 'John Kelly MILLAR (Lab)', 'Michelle Marie MCGINTY (Lab)')","('Ian DICKSON (SNP)', 'John Kelly MILLAR (Lab)', 'Michelle Marie MCGINTY (Lab)')"
Ward2-Leven_west dunbartonshire2022ward 2.csv,0.06,"('John Kelly MILLAR (Lab)',)","('John Kelly MILLAR (Lab)',)","('John Kelly MILLAR (Lab)',)","('Ian DICKSON (SNP)',)","('Ian DICKSON (SNP)',)"
Ward2-Leven_west dunbartonshire2022ward 2.csv,0.07,"('John Kelly MILLAR (Lab)',)","('John Kelly MILLAR (Lab)',)","('John Kelly MILLAR (Lab)',)","('Ian DICKSON (SNP)', 'Jim BOLLAN (WDuns)', 'John Kelly MILLAR (Lab)', 'Matthew DILLON (Con)', 'Michelle Marie MCGINTY (Lab)', 'Paula BAKER (Grn)', 'Ronnie MCCOLL (SNP)', 'Sian WILKIE (Ind)')","('Ian DICKSON (SNP)', 'Jim BOLLAN (WDuns)', 'John Kelly MILLAR (Lab)', 'Matthew DILLON (Con)', 'Michelle Marie MCGINTY (Lab)', 'Paula BAKER (Grn)', 'Ronnie MCCOLL (SNP)', 'Sian WILKIE (Ind)')"
Ward2-Leven_west dunbartonshire2022ward 2.csv,0.08,"('John Kelly MILLAR (Lab)',)","('John Kelly MILLAR (Lab)',)","('John Kelly MILLAR (Lab)',)","('Ian DICKSON (SNP)', 'Jim BOLLAN (WDuns)', 'John Kelly MILLAR (Lab)', 'Matthew DILLON (Con)', 'Michelle Marie MCGINTY (Lab)', 'Paula BAKER (Grn)', 'Ronnie MCCOLL (SNP)', 'Sian WILKIE (Ind)')","('Ian DICKSON (SNP)', 'Jim BOLLAN (WDuns)', 'John Kelly MILLAR (Lab)', 'Matthew DILLON (Con)', 'Michelle Marie MCGINTY (Lab)', 'Paula BAKER (Grn)', 'Ronnie MCCOLL (SNP)', 'Sian WILKIE (Ind)')"
Ward2-Leven_west dunbartonshire2022ward 2.csv,0.09,"('John Kelly MILLAR (Lab)',)","('John Kelly MILLAR (Lab)',)","('John Kelly MILLAR (Lab)',)","('Ian DICKSON (SNP)', 'Jim BOLLAN (WDuns)', 'John Kelly MILLAR (Lab)', 'Matthew DILLON (Con)', 'Michelle Marie MCGINTY (Lab)', 'Paula BAKER (Grn)', 'Ronnie MCCOLL (SNP)', 'Sian WILKIE (Ind)')","('Ian DICKSON (SNP)', 'Jim BOLLAN (WDuns)', 'John Kelly MILLAR (Lab)', 'Matthew DILLON (Con)', 'Michelle Marie MCGINTY (Lab)', 'Paula BAKER (Grn)', 'Ronnie MCCOLL (SNP)', 'Sian WILKIE (Ind)')"
govan_govan.csv,0.0,"('# ALTERNATIVE NAME 6: Allison Hunter (SNP)',)","('# ALTERNATIVE NAME 6: Allison Hunter (SNP)',)","('# ALTERNATIVE NAME 6: Allison Hunter (SNP)',)","('# ALTERNATIVE NAME 6: Allison Hunter (SNP)',)","('# ALTERNATIVE NAME 6: Allison Hunter (SNP)',)"
govan_govan.csv,0.01,"('# ALTERNATIVE NAME 6: Allison Hunter (SNP)',)","('# ALTERNATIVE NAME 6: Allison Hunter (SNP)',)","('# ALTERNATIVE NAME 6: Allison Hunter (SNP)',)","('# ALTERNATIVE NAME 4: John Flanagan (Lab)',)","('# ALTERNATIVE NAME 4: John Flanagan (Lab)',)"
govan_govan.csv,0.02,"('# ALTERNATIVE NAME 6: Allison Hunter (SNP)',)","('# ALTERNATIVE NAME 6: Allison Hunter (SNP)',)","('# ALTERNATIVE NAME 6: Allison Hunter (SNP)',)","('# ALTERNATIVE NAME 1: Shaukat Butt (Lab)', '# ALTERNATIVE NAME 3: Stephen Dornan (Lab)', '# ALTERNATIVE NAME 4: John Flanagan (Lab)')","('# ALTERNATIVE NAME 1: Shaukat Butt (Lab)', '# ALTERNATIVE NAME 3: Stephen Dornan (Lab)', '# ALTERNATIVE NAME 4: John Flanagan (Lab)')"
govan_govan.csv,0.03,"('# ALTERNATIVE NAME 3: Stephen Dornan (Lab)',)","('# ALTERNATIVE NAME 3: Stephen Dornan (Lab)',)","('# ALTERNATIVE NAME 3: Stephen Dornan (Lab)',)","('# ALTERNATIVE NAME 1: Shaukat Butt (Lab)', '# ALTERNATIVE NAME 3: Stephen Dornan (Lab)', '# ALTERNATIVE NAME 4: John Flanagan (Lab)')","('# ALTERNATIVE NAME 1: Shaukat Butt (Lab)', '# ALTERNATIVE NAME 3: Stephen Dornan (Lab)', '# ALTERNATIVE NAME 4: John Flanagan (Lab)')"
govan_govan.csv,0.04,"('# ALTERNATIVE NAME 3: Stephen Dornan (Lab)',)","('# ALTERNATIVE NAME 3: Stephen Dornan (Lab)',)","('# ALTERNATIVE NAME 3: Stephen Dornan (Lab)',)","('# ALTERNATIVE NAME 4: John Flanagan (Lab)', '# ALTERNATIVE NAME 6: Allison Hunter (SNP)')","('# ALTERNATIVE NAME 4: John Flanagan (Lab)', '# ALTERNATIVE NAME 6: Allison Hunter (SNP)')"
govan_govan.csv,0.05,"('# ALTERNATIVE NAME 3: Stephen Dornan (Lab)',)","('# ALTERNATIVE NAME 3: Stephen Dornan (Lab)',)","('# ALTERNATIVE NAME 3: Stephen Dornan (Lab)',)","('# ALTERNATIVE NAME 6: Allison Hunter (SNP)',)","('# ALTERNATIVE NAME 6: Allison Hunter (SNP)',)"
govan_govan.csv,0.06,"('# ALTERNATIVE NAME 4: John Flanagan (Lab)',)","('# ALTERNATIVE NAME 4: John Flanagan (Lab)',)","('# ALTERNATIVE NAME 4: John Flanagan (Lab)',)","('# ALTERNATIVE NAME 6: Allison Hunter (SNP)',)","('# ALTERNATIVE NAME 6: Allison Hunter (SNP)',)"
govan_govan.csv,0.07,"('# ALTERNATIVE NAME 3: Stephen Dornan (Lab)',)","('# ALTERNATIVE NAME 3: Stephen Dornan (Lab)',)","('# ALTERNATIVE NAME 3: Stephen Dornan (Lab)',)","('# ALTERNATIVE NAME 6: Allison Hunter (SNP)',)","('# ALTERNATIVE NAME 6: Allison Hunter (SNP)',)"
govan_govan.csv,0.08,"('# ALTERNATIVE NAME 3: Stephen Dornan (Lab)',)","('# ALTERNATIVE NAME 3: Stephen Dornan (Lab)',)","('# ALTERNATIVE NAME 3: Stephen Dornan (Lab)',)","('# ALTERNATIVE NAME 6: Allison Hunter (SNP)',)","('# ALTERNATIVE NAME 6: Allison Hunter (SNP)',)"
govan_govan.csv,0.09,"('# ALTERNATIVE NAME 4: John Flanagan (Lab)',)","('# ALTERNATIVE NAME 4: John Flanagan (Lab)',)","('# ALTERNATIVE NAME 4: John Flanagan (Lab)',)","('# ALTERNATIVE NAME 6: Allison Hunter (SNP)',)","('# ALTERNATIVE NAME 6: Allison Hunter (SNP)',)"
GlenrothesCentralAndThorntonWard_fife12-16.csv,0.0,"('Ross VETTRAINO (SNP)',)","('Ross VETTRAINO (SNP)',)","('Ross VETTRAINO (SNP)',)","('Ross VETTRAINO (SNP)',)","('Ross VETTRAINO (SNP)',)"
GlenrothesCentralAndThorntonWard_fife12-16.csv,0.01,"('Ian SLOAN (Lab)',)","('Ian SLOAN (Lab)',)","('Ross VETTRAINO (SNP)',)","('Ross VETTRAINO (SNP)',)","('Ross VETTRAINO (SNP)',)"
GlenrothesCentralAndThorntonWard_fife12-16.csv,0.02,"('Ross VETTRAINO (SNP)',)","('Ross VETTRAINO (SNP)',)","('Ian SLOAN (Lab)',)","('Ian CRICHTON (Lab)', 'Ian SLOAN (Lab)', 'Ross VETTRAINO (SNP)', 'Vikki WILTON (SNP)')","('Ian CRICHTON (Lab)', 'Ian SLOAN (Lab)', 'Ross VETTRAINO (SNP)', 'Vikki WILTON (SNP)')"
GlenrothesCentralAndThorntonWard_fife12-16.csv,0.03,"('Ross VETTRAINO (SNP)',)","('Ross VETTRAINO (SNP)',)","('Ross VETTRAINO (SNP)',)","('Ian CRICHTON (Lab)', 'Ian SLOAN (Lab)', 'Ross VETTRAINO (SNP)')","('Ian CRICHTON (Lab)', 'Ian SLOAN (Lab)', 'Ross VETTRAINO (SNP)')"
GlenrothesCentralAndThorntonWard_fife12-16.csv,0.04,"('Ross VETTRAINO (SNP)',)","('Ross VETTRAINO (SNP)',)","('Ross VETTRAINO (SNP)',)","('Ian CRICHTON (Lab)', 'Ian SLOAN (Lab)', 'Ross VETTRAINO (SNP)', 'Vikki WILTON (SNP)')","('Ian CRICHTON (Lab)', 'Ian SLOAN (Lab)', 'Ross VETTRAINO (SNP)', 'Vikki WILTON (SNP)')"
GlenrothesCentralAndThorntonWard_fife12-16.csv,0.05,"('Ross VETTRAINO (SNP)',)","('Ross VETTRAINO (SNP)',)","('Ross VETTRAINO (SNP)',)","('Ian CRICHTON (Lab)', 'Ian SLOAN (Lab)', 'Ross VETTRAINO (SNP)', 'Vikki WILTON (SNP)')","('Ian CRICHTON (Lab)', 'Ian SLOAN (Lab)', 'Ross VETTRAINO (SNP)', 'Vikki WILTON (SNP)')"
GlenrothesCentralAndThorntonWard_fife12-16.csv,0.06,"('Ross VETTRAINO (SNP)',)","('Ross VETTRAINO (SNP)',)","('Ross VETTRAINO (SNP)',)","('Ian CRICHTON (Lab)', 'Ian SLOAN (Lab)', 'Ross VETTRAINO (SNP)', 'Vikki WILTON (SNP)')","('Ian CRICHTON (Lab)', 'Ian SLOAN (Lab)', 'Ross VETTRAINO (SNP)', 'Vikki WILTON (SNP)')"
GlenrothesCentralAndThorntonWard_fife12-16.csv,0.07,"('Ross VETTRAINO (SNP)',)","('Ross VETTRAINO (SNP)',)","('Ross VETTRAINO (SNP)',)","('Ian CRICHTON (Lab)', 'Ian SLOAN (Lab)', 'Ross VETTRAINO (SNP)')","('Ian CRICHTON (Lab)', 'Ian SLOAN (Lab)', 'Ross VETTRAINO (SNP)')"
GlenrothesCentralAndThorntonWard_fife12-16.csv,0.08,"('Ross VETTRAINO (SNP)',)","('Ross VETTRAINO (SNP)',)","('Ross VETTRAINO (SNP)',)","('Ian CRICHTON (Lab)', 'Ian SLOAN (Lab)', 'Ross VETTRAINO (SNP)')","('Ian CRICHTON (Lab)', 'Ian SLOAN (Lab)', 'Ross VETTRAINO (SNP)')"
GlenrothesCentralAndThorntonWard_fife12-16.csv,0.09,"('Ross VETTRAINO (SNP)',)","('Ross VETTRAINO (SNP)',)","('Ross VETTRAINO (SNP)',)","('Ian CRICHTON (Lab)', 'Ian SLOAN (Lab)', 'Ross VETTRAINO (SNP)')","('Ian CRICHTON (Lab)', 'Ian SLOAN (Lab)', 'Ross VETTRAINO (SNP)')"
7.JohnstoneSouthElderslie&HowwoodWard_renfs12-07.csv,0.0,"('John HOOD (Lab)',)","('John HOOD (Lab)',)","('Iain MCMILLAN (Lab)',)","('John CALDWELL (Lab)',)","('John CALDWELL (Lab)',)"
7.JohnstoneSouthElderslie&HowwoodWard_renfs12-07.csv,0.01,"('Iain MCMILLAN (Lab)',)","('Iain MCMILLAN (Lab)',)","('John CALDWELL (Lab)',)","('John CALDWELL (Lab)',)","('John CALDWELL (Lab)',)"
7.JohnstoneSouthElderslie&HowwoodWard_renfs12-07.csv,0.02,"('Iain MCMILLAN (Lab)',)","('Iain MCMILLAN (Lab)',)","('Iain MCMILLAN (Lab)',)","('Iain MCMILLAN (Lab)', 'John HOOD (Lab)')","('Iain MCMILLAN (Lab)', 'John HOOD (Lab)')"
7.JohnstoneSouthElderslie&HowwoodWard_renfs12-07.csv,0.03,"('Iain MCMILLAN (Lab)',)","('Iain MCMILLAN (Lab)',)","('Iain MCMILLAN (Lab)',)","('Iain MCMILLAN (Lab)', 'John HOOD (Lab)')","('Iain MCMILLAN (Lab)', 'John HOOD (Lab)')"
7.JohnstoneSouthElderslie&HowwoodWard_renfs12-07.csv,0.04,"('Iain MCMILLAN (Lab)',)","('Iain MCMILLAN (Lab)',)","('Iain MCMILLAN (Lab)',)","('Iain MCMILLAN (Lab)', 'John HOOD (Lab)')","('Iain MCMILLAN (Lab)', 'John HOOD (Lab)')"
7.JohnstoneSouthElderslie&HowwoodWard_renfs12-07.csv,0.05,"('Iain MCMILLAN (Lab)',)","('Iain MCMILLAN (Lab)',)","('Iain MCMILLAN (Lab)',)","('Iain MCMILLAN (Lab)',)","('Iain MCMILLAN (Lab)',)"
7.JohnstoneSouthElderslie&HowwoodWard_renfs12-07.csv,0.06,"('Iain MCMILLAN (Lab)',)","('Iain MCMILLAN (Lab)',)","('Iain MCMILLAN (Lab)',)","('Iain MCMILLAN (Lab)',)","('Iain MCMILLAN (Lab)',)"
7.JohnstoneSouthElderslie&HowwoodWard_renfs12-07.csv,0.07,"('Iain MCMILLAN (Lab)',)","('Iain MCMILLAN (Lab)',)","('Iain MCMILLAN (Lab)',)","('Iain MCMILLAN (Lab)', 'John CALDWELL (Lab)')","('Iain MCMILLAN (Lab)', 'John CALDWELL (Lab)')"
7.JohnstoneSouthElderslie&HowwoodWard_renfs12-07.csv,0.08,"('Iain MCMILLAN (Lab)',)","('Iain MCMILLAN (Lab)',)","('Iain MCMILLAN (Lab)',)","('Iain MCMILLAN (Lab)', 'John CALDWELL (Lab)')","('Iain MCMILLAN (Lab)', 'John CALDWELL (Lab)')"
7.JohnstoneSouthElderslie&HowwoodWard_renfs12-07.csv,0.09,"('Iain MCMILLAN (Lab)',)","('Iain MCMILLAN (Lab)',)","('Iain MCMILLAN (Lab)',)","('Iain MCMILLAN (Lab)', 'John CALDWELL (Lab)')","('Iain MCMILLAN (Lab)', 'John CALDWELL (Lab)')"
Ward3-DeeandGlenkens_ward3.csv,0.0,"('Susan MURDOCH (Con)',)","('Susan MURDOCH (Con)',)","('Susan MURDOCH (Con)',)","('Dougie CAMPBELL (Ind)',)","('Dougie CAMPBELL (Ind)',)"
Ward3-DeeandGlenkens_ward3.csv,0.01,"('Dougie CAMPBELL (Ind)',)","('Dougie CAMPBELL (Ind)',)","('Dougie CAMPBELL (Ind)',)","('Andy MCFARLANE (SNP)',)","('Andy MCFARLANE (SNP)',)"
Ward3-DeeandGlenkens_ward3.csv,0.02,"('John DENERLEY (Con)',)","('John DENERLEY (Con)',)","('John DENERLEY (Con)',)","('Andy MCFARLANE (SNP)',)","('Andy MCFARLANE (SNP)',)"
Ward3-DeeandGlenkens_ward3.csv,0.03,"('Dougie CAMPBELL (Ind)',)","('Dougie CAMPBELL (Ind)',)","('Dougie CAMPBELL (Ind)',)","('Andy MCFARLANE (SNP)',)","('Andy MCFARLANE (SNP)',)"
Ward3-DeeandGlenkens_ward3.csv,0.04,"('Dougie CAMPBELL (Ind)',)","('Dougie CAMPBELL (Ind)',)","('Dougie CAMPBELL (Ind)',)","('John DENERLEY (Con)', 'Susan MURDOCH (Con)')","('John DENERLEY (Con)', 'Susan MURDOCH (Con)')"
Ward3-DeeandGlenkens_ward3.csv,0.05,"('Dougie CAMPBELL (Ind)',)","('Dougie CAMPBELL (Ind)',)","('Dougie CAMPBELL (Ind)',)","('John DENERLEY (Con)', 'Susan MURDOCH (Con)')","('John DENERLEY (Con)', 'Susan MURDOCH (Con)')"
Ward3-DeeandGlenkens_ward3.csv,0.06,"('Dougie CAMPBELL (Ind)',)","('Dougie CAMPBELL (Ind)',)","('Dougie CAMPBELL (Ind)',)","('John DENERLEY (Con)',)","('John DENERLEY (Con)',)"
Ward3-DeeandGlenkens_ward3.csv,0.07,"('Dougie CAMPBELL (Ind)',)","('Dougie CAMPBELL (Ind)',)","('Dougie CAMPBELL (Ind)',)","('John DENERLEY (Con)',)","('John DENERLEY (Con)',)"
Ward3-DeeandGlenkens_ward3.csv,0.08,"('Dougie CAMPBELL (Ind)',)","('Dougie CAMPBELL (Ind)',)","('Dougie CAMPBELL (Ind)',)","('Andy MCFARLANE (SNP)', 'Anthony BIRD (LD)', 'Dougie CAMPBELL (Ind)', 'Graham TRICKEY (Lab)', 'John DENERLEY (Con)', 'Laura Elizabeth MOODIE (Grn)', 'Susan MURDOCH (Con)')","('Andy MCFARLANE (SNP)', 'Anthony BIRD (LD)', 'Dougie CAMPBELL (Ind)', 'Graham TRICKEY (Lab)', 'John DENERLEY (Con)', 'Laura Elizabeth MOODIE (Grn)', 'Susan MURDOCH (Con)')"
Ward3-DeeandGlenkens_ward3.csv,0.09,"('Dougie CAMPBELL (Ind)',)","('Dougie CAMPBELL (Ind)',)","('Dougie CAMPBELL (Ind)',)","('Andy MCFARLANE (SNP)', 'Anthony BIRD (LD)', 'Dougie CAMPBELL (Ind)', 'Graham TRICKEY (Lab)', 'John DENERLEY (Con)', 'Laura Elizabeth MOODIE (Grn)', 'Susan MURDOCH (Con)')","('Andy MCFARLANE (SNP)', 'Anthony BIRD (LD)', 'Dougie CAMPBELL (Ind)', 'Graham TRICKEY (Lab)', 'John DENERLEY (Con)', 'Laura Elizabeth MOODIE (Grn)', 'Susan MURDOCH (Con)')"
Ward2-KintyreandtheIslands_ward2.csv,0.0,"('John MCALPINE (Ind)',)","('John MCALPINE (Ind)',)","('John MCALPINE (Ind)',)","('Dougie MCFADZEAN (SNP)',)","('Dougie MCFADZEAN (SNP)',)"
Ward2-KintyreandtheIslands_ward2.csv,0.01,"('John MCALPINE (Ind)',)","('John MCALPINE (Ind)',)","('John MCALPINE (Ind)',)","('Dougie MCFADZEAN (SNP)',)","('Dougie MCFADZEAN (SNP)',)"
Ward2-KintyreandtheIslands_ward2.csv,0.02,"('Dougie MCFADZEAN (SNP)',)","('Dougie MCFADZEAN (SNP)',)","('John MCALPINE (Ind)',)","('Dougie MCFADZEAN (SNP)',)","('Dougie MCFADZEAN (SNP)',)"
Ward2-KintyreandtheIslands_ward2.csv,0.03,"('Dougie MCFADZEAN (SNP)',)","('Dougie MCFADZEAN (SNP)',)","('John MCALPINE (Ind)',)","('Dougie MCFADZEAN (SNP)', 'John MCALPINE (Ind)')","('Dougie MCFADZEAN (SNP)', 'John MCALPINE (Ind)')"
Ward2-KintyreandtheIslands_ward2.csv,0.04,"('Dougie MCFADZEAN (SNP)',)","('Dougie MCFADZEAN (SNP)',)","('John MCALPINE (Ind)',)","('Dougie MCFADZEAN (SNP)', 'John MCALPINE (Ind)')","('Dougie MCFADZEAN (SNP)', 'John MCALPINE (Ind)')"
Ward2-KintyreandtheIslands_ward2.csv,0.05,"('John MCALPINE (Ind)',)","('John MCALPINE (Ind)',)","('Dougie MCFADZEAN (SNP)',)","('Dougie MCFADZEAN (SNP)', 'John MCALPINE (Ind)')","('Dougie MCFADZEAN (SNP)', 'John MCALPINE (Ind)')"
Ward2-KintyreandtheIslands_ward2.csv,0.06,"('John MCALPINE (Ind)',)","('John MCALPINE (Ind)',)","('Dougie MCFADZEAN (SNP)',)","('Dougie MCFADZEAN (SNP)', 'John MCALPINE (Ind)')","('Dougie MCFADZEAN (SNP)', 'John MCALPINE (Ind)')"
Ward2-KintyreandtheIslands_ward2.csv,0.07,"('John MCALPINE (Ind)',)","('John MCALPINE (Ind)',)","('Dougie MCFADZEAN (SNP)',)","('Dougie MCFADZEAN (SNP)', 'John MCALPINE (Ind)')","('Dougie MCFADZEAN (SNP)', 'John MCALPINE (Ind)')"
Ward2-KintyreandtheIslands_ward2.csv,0.08,"('John MCALPINE (Ind)',)","('John MCALPINE (Ind)',)","('John MCALPINE (Ind)',)","('John MCALPINE (Ind)',)","('John MCALPINE (Ind)',)"
Ward2-KintyreandtheIslands_ward2.csv,0.09,"('John MCALPINE (Ind)',)","('John MCALPINE (Ind)',)","('John MCALPINE (Ind)',)","('Alastair John REDMAN (Ind)', 'Alec MCNEILLY (Con)', 'Dougie MCFADZEAN (SNP)', 'Jane B KELLY (Lab)', 'John MCALPINE (Ind)', 'Robin CURRIE (LD)')","('Alastair John REDMAN (Ind)', 'Alec MCNEILLY (Con)', 'Dougie MCFADZEAN (SNP)', 'Jane B KELLY (Lab)', 'John MCALPINE (Ind)', 'Robin CURRIE (LD)')"
Minneapolis_11022021_CityCouncilWard2.csv,0.0,"('Cam Gordon',)","('Cam Gordon',)","('Cam Gordon',)","('Cam Gordon', 'Guy T Gaskin', 'Robin Wonsley Worlobah', 'Tom Anderson')","('Cam Gordon', 'Guy T Gaskin', 'Robin Wonsley Worlobah', 'Tom Anderson')"
Minneapolis_11022021_CityCouncilWard2.csv,0.01,"('Robin Wonsley Worlobah',)","('Robin Wonsley Worlobah',)","('Robin Wonsley Worlobah',)","('Yusra Arab',)","('Yusra Arab',)"
Minneapolis_11022021_CityCouncilWard2.csv,0.02,"('Cam Gordon',)","('Cam Gordon',)","('Robin Wonsley Worlobah',)","('Robin Wonsley Worlobah', 'Yusra Arab')","('Robin Wonsley Worlobah', 'Yusra Arab')"
Minneapolis_11022021_CityCouncilWard2.csv,0.03,"('Cam Gordon',)","('Cam Gordon',)","('Robin Wonsley Worlobah',)","('Robin Wonsley Worlobah',)","('Robin Wonsley Worlobah',)"
Minneapolis_11022021_CityCouncilWard2.csv,0.04,"('Robin Wonsley Worlobah',)","('Robin Wonsley Worlobah',)","('Robin Wonsley Worlobah',)","('Robin Wonsley Worlobah',)","('Robin Wonsley Worlobah',)"
Minneapolis_11022021_CityCouncilWard2.csv,0.05,"('Robin Wonsley Worlobah',)","('Robin Wonsley Worlobah',)","('Robin Wonsley Worlobah',)","('Cam Gordon',)","('Cam Gordon',)"
Minneapolis_11022021_CityCouncilWard2.csv,0.06,"('Yusra Arab',)","('Yusra Arab',)","('Yusra Arab',)","('Cam Gordon', 'Robin Wonsley Worlobah', 'Yusra Arab')","('Cam Gordon', 'Robin Wonsley Worlobah', 'Yusra Arab')"
Minneapolis_11022021_CityCouncilWard2.csv,0.07,"('Robin Wonsley Worlobah',)","('Robin Wonsley Worlobah',)","('Yusra Arab',)","('Yusra Arab',)","('Yusra Arab',)"
Minneapolis_11022021_CityCouncilWard2.csv,0.08,"('Robin Wonsley Worlobah',)","('Robin Wonsley Worlobah',)","('Yusra Arab',)","('Yusra Arab',)","('Yusra Arab',)"
Minneapolis_11022021_CityCouncilWard2.csv,0.09,"('Yusra Arab',)","('Yusra Arab',)","('Robin Wonsley Worlobah',)","('Cam Gordon', 'Guy T Gaskin', 'Robin Wonsley Worlobah', 'Tom Anderson', 'Yusra Arab')","('Cam Gordon', 'Guy T Gaskin', 'Robin Wonsley Worlobah', 'Tom Anderson', 'Yusra Arab')"
Ward4-CumbernauldEast_n-lanarks17-004.csv,0.0,"('Tom JOHNSTON (SNP)',)","('Tom JOHNSTON (SNP)',)","('Tom JOHNSTON (SNP)',)","('Tom JOHNSTON (SNP)',)","('Tom JOHNSTON (SNP)',)"
Ward4-CumbernauldEast_n-lanarks17-004.csv,0.01,"('Tom JOHNSTON (SNP)',)","('Tom JOHNSTON (SNP)',)","('Tom JOHNSTON (SNP)',)","('Claire BARCLAY (SNP)', 'David STARK (Con)', 'Gillian FANNAN (Lab)', 'Paddy HOGG (SNP)', 'Stevie GRANT (Lab)', 'Tom JOHNSTON (SNP)')","('Claire BARCLAY (SNP)', 'David STARK (Con)', 'Gillian FANNAN (Lab)', 'Paddy HOGG (SNP)', 'Stevie GRANT (Lab)', 'Tom JOHNSTON (SNP)')"
Ward4-CumbernauldEast_n-lanarks17-004.csv,0.02,"('Tom JOHNSTON (SNP)',)","('Tom JOHNSTON (SNP)',)","('Tom JOHNSTON (SNP)',)","('Claire BARCLAY (SNP)', 'Tom JOHNSTON (SNP)')","('Claire BARCLAY (SNP)', 'Tom JOHNSTON (SNP)')"
Ward4-CumbernauldEast_n-lanarks17-004.csv,0.03,"('Tom JOHNSTON (SNP)',)","('Tom JOHNSTON (SNP)',)","('Tom JOHNSTON (SNP)',)","('Tom JOHNSTON (SNP)',)","('Tom JOHNSTON (SNP)',)"
Ward4-CumbernauldEast_n-lanarks17-004.csv,0.04,"('Tom JOHNSTON (SNP)',)","('Tom JOHNSTON (SNP)',)","('Tom JOHNSTON (SNP)',)","('Claire BARCLAY (SNP)', 'David STARK (Con)', 'Gillian FANNAN (Lab)', 'Paddy HOGG (SNP)', 'Tom JOHNSTON (SNP)')","('Claire BARCLAY (SNP)', 'David STARK (Con)', 'Gillian FANNAN (Lab)', 'Paddy HOGG (SNP)', 'Tom JOHNSTON (SNP)')"
Ward4-CumbernauldEast_n-lanarks17-004.csv,0.05,"('Tom JOHNSTON (SNP)',)","('Tom JOHNSTON (SNP)',)","('Tom JOHNSTON (SNP)',)","('Claire BARCLAY (SNP)', 'David STARK (Con)', 'Paddy HOGG (SNP)', 'Tom JOHNSTON (SNP)')","('Claire BARCLAY (SNP)', 'David STARK (Con)', 'Paddy HOGG (SNP)', 'Tom JOHNSTON (SNP)')"
Ward4-CumbernauldEast_n-lanarks17-004.csv,0.06,"('Tom JOHNSTON (SNP)',)","('Tom JOHNSTON (SNP)',)","('Tom JOHNSTON (SNP)',)","('Claire BARCLAY (SNP)', 'Paddy HOGG (SNP)', 'Tom JOHNSTON (SNP)')","('Claire BARCLAY (SNP)', 'Paddy HOGG (SNP)', 'Tom JOHNSTON (SNP)')"
Ward4-CumbernauldEast_n-lanarks17-004.csv,0.07,"('Tom JOHNSTON (SNP)',)","('Tom JOHNSTON (SNP)',)","('Tom JOHNSTON (SNP)',)","('Claire BARCLAY (SNP)', 'Tom JOHNSTON (SNP)')","('Claire BARCLAY (SNP)', 'Tom JOHNSTON (SNP)')"
Ward4-CumbernauldEast_n-lanarks17-004.csv,0.08,"('Tom JOHNSTON (SNP)',)","('Tom JOHNSTON (SNP)',)","('Tom JOHNSTON (SNP)',)","('Claire BARCLAY (SNP)', 'Tom JOHNSTON (SNP)')","('Claire BARCLAY (SNP)', 'Tom JOHNSTON (SNP)')"
Ward4-CumbernauldEast_n-lanarks17-004.csv,0.09,"('Tom JOHNSTON (SNP)',)","('Tom JOHNSTON (SNP)',)","('Tom JOHNSTON (SNP)',)","('Claire BARCLAY (SNP)',)","('Claire BARCLAY (SNP)',)"
Ward21NorthEast_glasgow17-021.csv,0.0,"('Ruairi KELLY (SNP)',)","('Ruairi KELLY (SNP)',)","('Ruairi KELLY (SNP)',)","('Maureen BURKE (Lab)',)","('Maureen BURKE (Lab)',)"
Ward21NorthEast_glasgow17-021.csv,0.01,"('Ruairi KELLY (SNP)',)","('Ruairi KELLY (SNP)',)","('Ruairi KELLY (SNP)',)","('Maureen BURKE (Lab)',)","('Maureen BURKE (Lab)',)"
Ward21NorthEast_glasgow17-021.csv,0.02,"('Ruairi KELLY (SNP)',)","('Ruairi KELLY (SNP)',)","('Ruairi KELLY (SNP)',)","('Maureen BURKE (Lab)',)","('Maureen BURKE (Lab)',)"
Ward21NorthEast_glasgow17-021.csv,0.03,"('Ruairi KELLY (SNP)',)","('Ruairi KELLY (SNP)',)","('Ruairi KELLY (SNP)',)","('Ruairi KELLY (SNP)',)","('Ruairi KELLY (SNP)',)"
Ward21NorthEast_glasgow17-021.csv,0.04,"('Ruairi KELLY (SNP)',)","('Ruairi KELLY (SNP)',)","('Ruairi KELLY (SNP)',)","('Frances HOWELL (Con)', 'Mandy MORGAN (SNP)', 'Maureen BURKE (Lab)', 'Ruairi KELLY (SNP)')","('Frances HOWELL (Con)', 'Mandy MORGAN (SNP)', 'Maureen BURKE (Lab)', 'Ruairi KELLY (SNP)')"
Ward21NorthEast_glasgow17-021.csv,0.05,"('Ruairi KELLY (SNP)',)","('Ruairi KELLY (SNP)',)","('Ruairi KELLY (SNP)',)","('Maureen BURKE (Lab)', 'Ruairi KELLY (SNP)')","('Maureen BURKE (Lab)', 'Ruairi KELLY (SNP)')"
Ward21NorthEast_glasgow17-021.csv,0.06,"('Ruairi KELLY (SNP)',)","('Ruairi KELLY (SNP)',)","('Ruairi KELLY (SNP)',)","('Maureen BURKE (Lab)',)","('Maureen BURKE (Lab)',)"
Ward21NorthEast_glasgow17-021.csv,0.07,"('Ruairi KELLY (SNP)',)","('Ruairi KELLY (SNP)',)","('Ruairi KELLY (SNP)',)","('Maureen BURKE (Lab)',)","('Maureen BURKE (Lab)',)"
Ward21NorthEast_glasgow17-021.csv,0.08,"('Ruairi KELLY (SNP)',)","('Ruairi KELLY (SNP)',)","('Ruairi KELLY (SNP)',)","('Maureen BURKE (Lab)',)","('Maureen BURKE (Lab)',)"
Ward21NorthEast_glasgow17-021.csv,0.09,"('Ruairi KELLY (SNP)',)","('Ruairi KELLY (SNP)',)","('Ruairi KELLY (SNP)',)","('Carole URE (Grn)', 'Frances HOWELL (Con)', 'Gerry BOYLE (Ind)', 'Jenny KIERNAN (Sol)', 'Mandy MORGAN (SNP)', 'Maureen BURKE (Lab)', 'Ruairi KELLY (SNP)', 'Stephen DOCHERTY (Lab)')","('Carole URE (Grn)', 'Frances HOWELL (Con)', 'Gerry BOYLE (Ind)', 'Jenny KIERNAN (Sol)', 'Mandy MORGAN (SNP)', 'Maureen BURKE (Lab)', 'Ruairi KELLY (SNP)', 'Stephen DOCHERTY (Lab)')"
preferenceprofile_v0001_ward-10-west-garioch_06052022_172124.csv,0.0,"('Sam PAYNE (Con)',)","('Sam PAYNE (Con)',)","('Sam PAYNE (Con)',)","('Moray Charles GRANT (SNP)',)","('Moray Charles GRANT (SNP)',)"
preferenceprofile_v0001_ward-10-west-garioch_06052022_172124.csv,0.01,"('Moray Charles GRANT (SNP)',)","('Moray Charles GRANT (SNP)',)","('Moray Charles GRANT (SNP)',)","('Sam PAYNE (Con)',)","('Sam PAYNE (Con)',)"
preferenceprofile_v0001_ward-10-west-garioch_06052022_172124.csv,0.02,"('Sam PAYNE (Con)',)","('Sam PAYNE (Con)',)","('Moray Charles GRANT (SNP)',)","('Moray Charles GRANT (SNP)',)","('Moray Charles GRANT (SNP)',)"
preferenceprofile_v0001_ward-10-west-garioch_06052022_172124.csv,0.03,"('Sam PAYNE (Con)',)","('Sam PAYNE (Con)',)","('Moray Charles GRANT (SNP)',)","('Moray Charles GRANT (SNP)', 'Sam PAYNE (Con)')","('Moray Charles GRANT (SNP)', 'Sam PAYNE (Con)')"
preferenceprofile_v0001_ward-10-west-garioch_06052022_172124.csv,0.04,"('Sam PAYNE (Con)',)","('Sam PAYNE (Con)',)","('Sam PAYNE (Con)',)","('Moray Charles GRANT (SNP)', 'Sam PAYNE (Con)')","('Moray Charles GRANT (SNP)', 'Sam PAYNE (Con)')"
preferenceprofile_v0001_ward-10-west-garioch_06052022_172124.csv,0.05,"('Sam PAYNE (Con)',)","('Sam PAYNE (Con)',)","('Sam PAYNE (Con)',)","('Sam PAYNE (Con)',)","('Sam PAYNE (Con)',)"
preferenceprofile_v0001_ward-10-west-garioch_06052022_172124.csv,0.06,"('Sam PAYNE (Con)',)","('Sam PAYNE (Con)',)","('Sam PAYNE (Con)',)","('Sam PAYNE (Con)',)","('Sam PAYNE (Con)',)"
preferenceprofile_v0001_ward-10-west-garioch_06052022_172124.csv,0.07,"('Sam PAYNE (Con)',)","('Sam PAYNE (Con)',)","('Sam PAYNE (Con)',)","('Anne MANSFIELD (Grn)', 'Elaine Helen Grace MITCHELL (Alba)', 'Hazel Linda SMITH (LD)', 'Moray Charles GRANT (SNP)', 'Sam PAYNE (Con)', 'Sasha BRYDON (Lab)', 'Sebastian LESLIE (Ind)', 'Sheena Margaret LONCHAY (Ind)')","('Anne MANSFIELD (Grn)', 'Elaine Helen Grace MITCHELL (Alba)', 'Hazel Linda SMITH (LD)', 'Moray Charles GRANT (SNP)', 'Sam PAYNE (Con)', 'Sasha BRYDON (Lab)', 'Sebastian LESLIE (Ind)', 'Sheena Margaret LONCHAY (Ind)')"
preferenceprofile_v0001_ward-10-west-garioch_06052022_172124.csv,0.08,"('Sam PAYNE (Con)',)","('Sam PAYNE (Con)',)","('Sam PAYNE (Con)',)","('Anne MANSFIELD (Grn)', 'Elaine Helen Grace MITCHELL (Alba)', 'Hazel Linda SMITH (LD)', 'Moray Charles GRANT (SNP)', 'Sam PAYNE (Con)', 'Sasha BRYDON (Lab)', 'Sebastian LESLIE (Ind)', 'Sheena Margaret LONCHAY (Ind)')","('Anne MANSFIELD (Grn)', 'Elaine Helen Grace MITCHELL (Alba)', 'Hazel Linda SMITH (LD)', 'Moray Charles GRANT (SNP)', 'Sam PAYNE (Con)', 'Sasha BRYDON (Lab)', 'Sebastian LESLIE (Ind)', 'Sheena Margaret LONCHAY (Ind)')"
preferenceprofile_v0001_ward-10-west-garioch_06052022_172124.csv,0.09,"('Sam PAYNE (Con)',)","('Sam PAYNE (Con)',)","('Sam PAYNE (Con)',)","('Anne MANSFIELD (Grn)', 'Elaine Helen Grace MITCHELL (Alba)', 'Hazel Linda SMITH (LD)', 'Moray Charles GRANT (SNP)', 'Sam PAYNE (Con)', 'Sasha BRYDON (Lab)', 'Sebastian LESLIE (Ind)', 'Sheena Margaret LONCHAY (Ind)')","('Anne MANSFIELD (Grn)', 'Elaine Helen Grace MITCHELL (Alba)', 'Hazel Linda SMITH (LD)', 'Moray Charles GRANT (SNP)', 'Sam PAYNE (Con)', 'Sasha BRYDON (Lab)', 'Sebastian LESLIE (Ind)', 'Sheena Margaret LONCHAY (Ind)')"
Oakland_11082022_Schoolboarddistrict4.csv,0.0,"('MIKE HUTCHINSON',)","('MIKE HUTCHINSON',)","('MIKE HUTCHINSON',)","('MIKE HUTCHINSON', 'NICK RESNICK', 'PECOLIA MANIGO')","('MIKE HUTCHINSON', 'NICK RESNICK', 'PECOLIA MANIGO')"
Oakland_11082022_Schoolboarddistrict4.csv,0.01,"('MIKE HUTCHINSON',)","('MIKE HUTCHINSON',)","('MIKE HUTCHINSON',)","('MIKE HUTCHINSON', 'NICK RESNICK', 'PECOLIA MANIGO')","('MIKE HUTCHINSON', 'NICK RESNICK', 'PECOLIA MANIGO')"
Oakland_11082022_Schoolboarddistrict4.csv,0.02,"('MIKE HUTCHINSON',)","('MIKE HUTCHINSON',)","('MIKE HUTCHINSON',)","('MIKE HUTCHINSON', 'NICK RESNICK', 'PECOLIA MANIGO')","('MIKE HUTCHINSON', 'NICK RESNICK', 'PECOLIA MANIGO')"
Oakland_11082022_Schoolboarddistrict4.csv,0.03,"('MIKE HUTCHINSON',)","('MIKE HUTCHINSON',)","('MIKE HUTCHINSON',)","('NICK RESNICK',)","('MIKE HUTCHINSON', 'NICK RESNICK', 'PECOLIA MANIGO')"
Oakland_11082022_Schoolboarddistrict4.csv,0.04,"('PECOLIA MANIGO',)","('PECOLIA MANIGO',)","('MIKE HUTCHINSON',)","('MIKE HUTCHINSON', 'PECOLIA MANIGO')","('MIKE HUTCHINSON', 'NICK RESNICK', 'PECOLIA MANIGO')"
Oakland_11082022_Schoolboarddistrict4.csv,0.05,"('NICK RESNICK',)","('NICK RESNICK',)","('MIKE HUTCHINSON',)","('PECOLIA MANIGO',)","('MIKE HUTCHINSON', 'NICK RESNICK', 'PECOLIA MANIGO')"
Oakland_11082022_Schoolboarddistrict4.csv,0.06,"('MIKE HUTCHINSON',)","('MIKE HUTCHINSON',)","('MIKE HUTCHINSON',)","('MIKE HUTCHINSON', 'NICK RESNICK', 'PECOLIA MANIGO')","('MIKE HUTCHINSON', 'NICK RESNICK', 'PECOLIA MANIGO')"
Oakland_11082022_Schoolboarddistrict4.csv,0.07,"('MIKE HUTCHINSON',)","('MIKE HUTCHINSON',)","('MIKE HUTCHINSON',)","('NICK RESNICK',)","('MIKE HUTCHINSON', 'NICK RESNICK')"
Oakland_11082022_Schoolboarddistrict4.csv,0.08,"('MIKE HUTCHINSON',)","('MIKE HUTCHINSON',)","('MIKE HUTCHINSON',)","('NICK RESNICK',)","('MIKE HUTCHINSON', 'NICK RESNICK')"
Oakland_11082022_Schoolboarddistrict4.csv,0.09,"('NICK RESNICK',)","('NICK RESNICK',)","('MIKE HUTCHINSON',)","('NICK RESNICK', 'PECOLIA MANIGO')","('NICK RESNICK',)"
AnnandaleNorthWard_dumgal12-12.csv,0.0,"('(Con) Gail MACGREGOR',)","('(Con) Gail MACGREGOR',)","('(Con) Gail MACGREGOR',)","('(Lab) Ted BROWN',)","('(Lab) Ted BROWN',)"
AnnandaleNorthWard_dumgal12-12.csv,0.01,"('(Con) Gail MACGREGOR',)","('(Con) Gail MACGREGOR',)","('(Con) Gail MACGREGOR',)","('(Lab) Ted BROWN',)","('(Lab) Ted BROWN',)"
AnnandaleNorthWard_dumgal12-12.csv,0.02,"('(Con) Gail MACGREGOR',)","('(Con) Gail MACGREGOR',)","('(Con) Gail MACGREGOR',)","('(Con) Gail MACGREGOR', '(Con) Roger GRANT')","('(Con) Gail MACGREGOR', '(Con) Roger GRANT')"
AnnandaleNorthWard_dumgal12-12.csv,0.03,"('(Con) Gail MACGREGOR',)","('(Con) Gail MACGREGOR',)","('(Con) Gail MACGREGOR',)","('(Con) Peter DIGGLE', '(Lab) Ted BROWN', '(SNP) Stephen THOMPSON')","('(Con) Peter DIGGLE', '(Lab) Ted BROWN', '(SNP) Stephen THOMPSON')"
AnnandaleNorthWard_dumgal12-12.csv,0.04,"('(Con) Gail MACGREGOR',)","('(Con) Gail MACGREGOR',)","('(Con) Gail MACGREGOR',)","('(Con) Peter DIGGLE', '(Lab) Ted BROWN', '(SNP) Stephen THOMPSON')","('(Con) Peter DIGGLE', '(Lab) Ted BROWN', '(SNP) Stephen THOMPSON')"
AnnandaleNorthWard_dumgal12-12.csv,0.05,"('(Con) Gail MACGREGOR',)","('(Con) Gail MACGREGOR',)","('(Con) Gail MACGREGOR',)","('(Con) Peter DIGGLE', '(Lab) Ted BROWN')","('(Con) Peter DIGGLE', '(Lab) Ted BROWN')"
AnnandaleNorthWard_dumgal12-12.csv,0.06,"('(Con) Gail MACGREGOR',)","('(Con) Gail MACGREGOR',)","('(Con) Gail MACGREGOR',)","('(Lab) Ted BROWN',)","('(Lab) Ted BROWN',)"
AnnandaleNorthWard_dumgal12-12.csv,0.07,"('(Con) Gail MACGREGOR',)","('(Con) Gail MACGREGOR',)","('(Con) Gail MACGREGOR',)","('(Con) Gail MACGREGOR', '(Con) Peter DIGGLE', '(Con) Roger GRANT', '(Grn) Alis BALLANCE', '(LD) Hugh YOUNG', '(Lab) Ted BROWN', '(SNP) Stephen THOMPSON')","('(Con) Gail MACGREGOR', '(Con) Peter DIGGLE', '(Con) Roger GRANT', '(Grn) Alis BALLANCE', '(LD) Hugh YOUNG', '(Lab) Ted BROWN', '(SNP) Stephen THOMPSON')"
AnnandaleNorthWard_dumgal12-12.csv,0.08,"('(Con) Gail MACGREGOR',)","('(Con) Gail MACGREGOR',)","('(Con) Gail MACGREGOR',)","('(Con) Gail MACGREGOR', '(Con) Peter DIGGLE', '(Con) Roger GRANT', '(Grn) Alis BALLANCE', '(LD) Hugh YOUNG', '(Lab) Ted BROWN', '(SNP) Stephen THOMPSON')","('(Con) Gail MACGREGOR', '(Con) Peter DIGGLE', '(Con) Roger GRANT', '(Grn) Alis BALLANCE', '(LD) Hugh YOUNG', '(Lab) Ted BROWN', '(SNP) Stephen THOMPSON')"
AnnandaleNorthWard_dumgal12-12.csv,0.09,"('(Con) Gail MACGREGOR',)","('(Con) Gail MACGREGOR',)","('(Con) Gail MACGREGOR',)","('(Con) Gail MACGREGOR', '(Con) Peter DIGGLE', '(Con) Roger GRANT', '(Grn) Alis BALLANCE', '(LD) Hugh YOUNG', '(Lab) Ted BROWN', '(SNP) Stephen THOMPSON')","('(Con) Gail MACGREGOR', '(Con) Peter DIGGLE', '(Con) Roger GRANT', '(Grn) Alis BALLANCE', '(LD) Hugh YOUNG', '(Lab) Ted BROWN', '(SNP) Stephen THOMPSON')"
Ward3-ForfarandDistrict_ward3.csv,0.0,"('Ian MCLAREN (Ind)',)","('Ian MCLAREN (Ind)',)","('Ian MCLAREN (Ind)',)","('Linda CLARK (SNP)',)","('Linda CLARK (SNP)',)"
Ward3-ForfarandDistrict_ward3.csv,0.01,"('Ian MCLAREN (Ind)',)","('Ian MCLAREN (Ind)',)","('Ian MCLAREN (Ind)',)","('Ross GREIG (Con)',)","('Ross GREIG (Con)',)"
Ward3-ForfarandDistrict_ward3.csv,0.02,"('Ian MCLAREN (Ind)',)","('Ian MCLAREN (Ind)',)","('Ian MCLAREN (Ind)',)","('Linda CLARK (SNP)', 'Ross GREIG (Con)')","('Linda CLARK (SNP)', 'Ross GREIG (Con)')"
Ward3-ForfarandDistrict_ward3.csv,0.03,"('Ian MCLAREN (Ind)',)","('Ian MCLAREN (Ind)',)","('Ian MCLAREN (Ind)',)","('Linda CLARK (SNP)',)","('Linda CLARK (SNP)',)"
Ward3-ForfarandDistrict_ward3.csv,0.04,"('Ian MCLAREN (Ind)',)","('Ian MCLAREN (Ind)',)","('Ian MCLAREN (Ind)',)","('Linda CLARK (SNP)',)","('Linda CLARK (SNP)',)"
Ward3-ForfarandDistrict_ward3.csv,0.05,"('Ian MCLAREN (Ind)',)","('Ian MCLAREN (Ind)',)","('Ian MCLAREN (Ind)',)","('Linda CLARK (SNP)', 'Ross GREIG (Con)')","('Linda CLARK (SNP)', 'Ross GREIG (Con)')"
Ward3-ForfarandDistrict_ward3.csv,0.06,"('Ian MCLAREN (Ind)',)","('Ian MCLAREN (Ind)',)","('Ian MCLAREN (Ind)',)","('Linda CLARK (SNP)',)","('Linda CLARK (SNP)',)"
Ward3-ForfarandDistrict_ward3.csv,0.07,"('Ian MCLAREN (Ind)',)","('Ian MCLAREN (Ind)',)","('Ian MCLAREN (Ind)',)","('Colin BROWN (Ind)', 'Ed MCADAM (Lab)', 'Ian MCLAREN (Ind)', 'Linda CLARK (SNP)', 'Lynne DEVINE (SNP)', 'Marley HUNTER (Grn)', 'Ross GREIG (Con)', 'Samuel David STRUTH (LD)')","('Colin BROWN (Ind)', 'Ed MCADAM (Lab)', 'Ian MCLAREN (Ind)', 'Linda CLARK (SNP)', 'Lynne DEVINE (SNP)', 'Marley HUNTER (Grn)', 'Ross GREIG (Con)', 'Samuel David STRUTH (LD)')"
Ward3-ForfarandDistrict_ward3.csv,0.08,"('Ian MCLAREN (Ind)',)","('Ian MCLAREN (Ind)',)","('Ian MCLAREN (Ind)',)","('Colin BROWN (Ind)', 'Ed MCADAM (Lab)', 'Ian MCLAREN (Ind)', 'Linda CLARK (SNP)', 'Lynne DEVINE (SNP)', 'Marley HUNTER (Grn)', 'Ross GREIG (Con)', 'Samuel David STRUTH (LD)')","('Colin BROWN (Ind)', 'Ed MCADAM (Lab)', 'Ian MCLAREN (Ind)', 'Linda CLARK (SNP)', 'Lynne DEVINE (SNP)', 'Marley HUNTER (Grn)', 'Ross GREIG (Con)', 'Samuel David STRUTH (LD)')"
Ward3-ForfarandDistrict_ward3.csv,0.09,"('Ian MCLAREN (Ind)',)","('Ian MCLAREN (Ind)',)","('Ian MCLAREN (Ind)',)","('Colin BROWN (Ind)', 'Ed MCADAM (Lab)', 'Ian MCLAREN (Ind)', 'Linda CLARK (SNP)', 'Lynne DEVINE (SNP)', 'Marley HUNTER (Grn)', 'Ross GREIG (Con)', 'Samuel David STRUTH (LD)')","('Colin BROWN (Ind)', 'Ed MCADAM (Lab)', 'Ian MCLAREN (Ind)', 'Linda CLARK (SNP)', 'Lynne DEVINE (SNP)', 'Marley HUNTER (Grn)', 'Ross GREIG (Con)', 'Samuel David STRUTH (LD)')"
Ward03-Kilwinning_n-ayrshire12-03.csv,0.0,"('Joe CULLINANE (Lab)',)","('Joe CULLINANE (Lab)',)","('Joe CULLINANE (Lab)',)","('John FERGUSON (SNP)',)","('John FERGUSON (SNP)',)"
Ward03-Kilwinning_n-ayrshire12-03.csv,0.01,"('Joe CULLINANE (Lab)',)","('Joe CULLINANE (Lab)',)","('Joe CULLINANE (Lab)',)","('John FERGUSON (SNP)',)","('John FERGUSON (SNP)',)"
Ward03-Kilwinning_n-ayrshire12-03.csv,0.02,"('Joe CULLINANE (Lab)',)","('Joe CULLINANE (Lab)',)","('Joe CULLINANE (Lab)',)","('Donald REID (Lab)', 'Joe CULLINANE (Lab)')","('Donald REID (Lab)', 'Joe CULLINANE (Lab)')"
Ward03-Kilwinning_n-ayrshire12-03.csv,0.03,"('Joe CULLINANE (Lab)',)","('Joe CULLINANE (Lab)',)","('Joe CULLINANE (Lab)',)","('Donald REID (Lab)', 'Joe CULLINANE (Lab)', 'John FERGUSON (SNP)')","('Donald REID (Lab)', 'Joe CULLINANE (Lab)', 'John FERGUSON (SNP)')"
Ward03-Kilwinning_n-ayrshire12-03.csv,0.04,"('Joe CULLINANE (Lab)',)","('Joe CULLINANE (Lab)',)","('Joe CULLINANE (Lab)',)","('Joe CULLINANE (Lab)', 'John FERGUSON (SNP)')","('Joe CULLINANE (Lab)', 'John FERGUSON (SNP)')"
Ward03-Kilwinning_n-ayrshire12-03.csv,0.05,"('Joe CULLINANE (Lab)',)","('Joe CULLINANE (Lab)',)","('Joe CULLINANE (Lab)',)","('Joe CULLINANE (Lab)', 'John FERGUSON (SNP)')","('Joe CULLINANE (Lab)', 'John FERGUSON (SNP)')"
Ward03-Kilwinning_n-ayrshire12-03.csv,0.06,"('Joe CULLINANE (Lab)',)","('Joe CULLINANE (Lab)',)","('Joe CULLINANE (Lab)',)","('Joe CULLINANE (Lab)', 'John FERGUSON (SNP)')","('Joe CULLINANE (Lab)', 'John FERGUSON (SNP)')"
Ward03-Kilwinning_n-ayrshire12-03.csv,0.07,"('Joe CULLINANE (Lab)',)","('Joe CULLINANE (Lab)',)","('Joe CULLINANE (Lab)',)","('Joe CULLINANE (Lab)', 'John FERGUSON (SNP)')","('Joe CULLINANE (Lab)', 'John FERGUSON (SNP)')"
Ward03-Kilwinning_n-ayrshire12-03.csv,0.08,"('John FERGUSON (SNP)',)","('John FERGUSON (SNP)',)","('Joe CULLINANE (Lab)',)","('Joe CULLINANE (Lab)', 'John FERGUSON (SNP)')","('Joe CULLINANE (Lab)', 'John FERGUSON (SNP)')"
Ward03-Kilwinning_n-ayrshire12-03.csv,0.09,"('John FERGUSON (SNP)',)","('John FERGUSON (SNP)',)","('Joe CULLINANE (Lab)',)","('Andy JONES (Lab)', 'Colin HEDLEY (Ind)', 'Donald REID (Lab)', 'Helen HAINEY (Lab)', 'Iain WALKER (SNP)', 'Joe CULLINANE (Lab)', 'John FERGUSON (SNP)', 'Philip HOGG (Ind)', 'Robert STEEL (Ind)', 'Scott GALLACHER (Con)', 'Stuart GARDINER (LD)')","('Andy JONES (Lab)', 'Colin HEDLEY (Ind)', 'Donald REID (Lab)', 'Helen HAINEY (Lab)', 'Iain WALKER (SNP)', 'Joe CULLINANE (Lab)', 'John FERGUSON (SNP)', 'Philip HOGG (Ind)', 'Robert STEEL (Ind)', 'Scott GALLACHER (Con)', 'Stuart GARDINER (LD)')"
JedburghandDistrictWard_sc-borders12-09.csv,0.0,"('Len WYSE (Con)',)","('Len WYSE (Con)',)","('Len WYSE (Con)',)","('Jim BROWN (SNP)',)","('Jim BROWN (SNP)',)"
JedburghandDistrictWard_sc-borders12-09.csv,0.01,"('Jim BROWN (SNP)',)","('Jim BROWN (SNP)',)","('Jim BROWN (SNP)',)","('Sandy SCOTT (Con)',)","('Sandy SCOTT (Con)',)"
JedburghandDistrictWard_sc-borders12-09.csv,0.02,"('Jim BROWN (SNP)',)","('Jim BROWN (SNP)',)","('Jim BROWN (SNP)',)","('Jim BROWN (SNP)', 'Sandy SCOTT (Con)')","('Jim BROWN (SNP)', 'Sandy SCOTT (Con)')"
JedburghandDistrictWard_sc-borders12-09.csv,0.03,"('Jim BROWN (SNP)',)","('Jim BROWN (SNP)',)","('Jim BROWN (SNP)',)","('Jim BROWN (SNP)', 'Rory STEWART (Ind)', 'Sandy SCOTT (Con)')","('Jim BROWN (SNP)', 'Rory STEWART (Ind)', 'Sandy SCOTT (Con)')"
JedburghandDistrictWard_sc-borders12-09.csv,0.04,"('Jim BROWN (SNP)',)","('Jim BROWN (SNP)',)","('Jim BROWN (SNP)',)","('Jim BROWN (SNP)', 'Sandy SCOTT (Con)')","('Jim BROWN (SNP)', 'Sandy SCOTT (Con)')"
JedburghandDistrictWard_sc-borders12-09.csv,0.05,"('Jim BROWN (SNP)',)","('Jim BROWN (SNP)',)","('Jim BROWN (SNP)',)","('Jim BROWN (SNP)', 'Sandy SCOTT (Con)')","('Jim BROWN (SNP)', 'Sandy SCOTT (Con)')"
JedburghandDistrictWard_sc-borders12-09.csv,0.06,"('Jim BROWN (SNP)',)","('Jim BROWN (SNP)',)","('Jim BROWN (SNP)',)","('Sandy SCOTT (Con)',)","('Sandy SCOTT (Con)',)"
JedburghandDistrictWard_sc-borders12-09.csv,0.07,"('Jim BROWN (SNP)',)","('Jim BROWN (SNP)',)","('Jim BROWN (SNP)',)","('Sandy SCOTT (Con)',)","('Sandy SCOTT (Con)',)"
JedburghandDistrictWard_sc-borders12-09.csv,0.08,"('Jim BROWN (SNP)',)","('Jim BROWN (SNP)',)","('Jim BROWN (SNP)',)","('David Robert Scott SHARP (Lab)', 'Jim BROWN (SNP)', 'John BATHGATE (LD)', 'Len WYSE (Con)', 'Rory STEWART (Ind)', 'Sandy SCOTT (Con)', 'Trevor JACKSON (Scottish Borders)')","('David Robert Scott SHARP (Lab)', 'Jim BROWN (SNP)', 'John BATHGATE (LD)', 'Len WYSE (Con)', 'Rory STEWART (Ind)', 'Sandy SCOTT (Con)', 'Trevor JACKSON (Scottish Borders)')"
JedburghandDistrictWard_sc-borders12-09.csv,0.09,"('Jim BROWN (SNP)',)","('Jim BROWN (SNP)',)","('Jim BROWN (SNP)',)","('David Robert Scott SHARP (Lab)', 'Jim BROWN (SNP)', 'John BATHGATE (LD)', 'Len WYSE (Con)', 'Rory STEWART (Ind)', 'Sandy SCOTT (Con)', 'Trevor JACKSON (Scottish Borders)')","('David Robert Scott SHARP (Lab)', 'Jim BROWN (SNP)', 'John BATHGATE (LD)', 'Len WYSE (Con)', 'Rory STEWART (Ind)', 'Sandy SCOTT (Con)', 'Trevor JACKSON (Scottish Borders)')"
ForfarandDistrict_angus12-03.csv,0.0,"('(SNP) Lynne DEVINE',)","('(SNP) Lynne DEVINE',)","('(SNP) Lynne DEVINE',)","('(Ind) COLIN BROWN',)","('(Ind) COLIN BROWN',)"
ForfarandDistrict_angus12-03.csv,0.01,"('(Ind) Ian MCLAREN',)","('(Ind) Ian MCLAREN',)","('(Ind) Ian MCLAREN',)","('(Ind) COLIN BROWN', '(Ind) Ian MCLAREN', '(SNP) Glennis MIDDLETON', '(SNP) Lynne DEVINE')","('(Ind) COLIN BROWN', '(Ind) Ian MCLAREN', '(SNP) Glennis MIDDLETON', '(SNP) Lynne DEVINE')"
ForfarandDistrict_angus12-03.csv,0.02,"('(SNP) Glennis MIDDLETON',)","('(SNP) Glennis MIDDLETON',)","('(SNP) Lynne DEVINE',)","('(Con) John RYMER', '(Ind) COLIN BROWN', '(Ind) Ian MCLAREN', '(SNP) Glennis MIDDLETON', '(SNP) Lynne DEVINE')","('(Con) John RYMER', '(Ind) COLIN BROWN', '(Ind) Ian MCLAREN', '(SNP) Glennis MIDDLETON', '(SNP) Lynne DEVINE')"
ForfarandDistrict_angus12-03.csv,0.03,"('(SNP) Lynne DEVINE',)","('(SNP) Lynne DEVINE',)","('(SNP) Lynne DEVINE',)","('(Ind) Ian MCLAREN', '(SNP) Glennis MIDDLETON', '(SNP) Lynne DEVINE')","('(Ind) Ian MCLAREN', '(SNP) Glennis MIDDLETON', '(SNP) Lynne DEVINE')"
ForfarandDistrict_angus12-03.csv,0.04,"('(SNP) Lynne DEVINE',)","('(SNP) Lynne DEVINE',)","('(SNP) Lynne DEVINE',)","('(SNP) Glennis MIDDLETON', '(SNP) Lynne DEVINE')","('(SNP) Glennis MIDDLETON', '(SNP) Lynne DEVINE')"
ForfarandDistrict_angus12-03.csv,0.05,"('(SNP) Lynne DEVINE',)","('(SNP) Lynne DEVINE',)","('(SNP) Lynne DEVINE',)","('(SNP) Glennis MIDDLETON', '(SNP) Lynne DEVINE')","('(SNP) Glennis MIDDLETON', '(SNP) Lynne DEVINE')"
ForfarandDistrict_angus12-03.csv,0.06,"('(Ind) COLIN BROWN',)","('(Ind) COLIN BROWN',)","('(SNP) Lynne DEVINE',)","('(SNP) Glennis MIDDLETON', '(SNP) Lynne DEVINE')","('(SNP) Glennis MIDDLETON', '(SNP) Lynne DEVINE')"
ForfarandDistrict_angus12-03.csv,0.07,"('(Ind) COLIN BROWN',)","('(Ind) COLIN BROWN',)","('(SNP) Lynne DEVINE',)","('(SNP) Glennis MIDDLETON', '(SNP) Lynne DEVINE')","('(SNP) Glennis MIDDLETON', '(SNP) Lynne DEVINE')"
ForfarandDistrict_angus12-03.csv,0.08,"('(Ind) Ian MCLAREN',)","('(Ind) Ian MCLAREN',)","('(Ind) Ian MCLAREN',)","('(SNP) Glennis MIDDLETON', '(SNP) Lynne DEVINE')","('(SNP) Glennis MIDDLETON', '(SNP) Lynne DEVINE')"
ForfarandDistrict_angus12-03.csv,0.09,"('(Ind) Ian MCLAREN',)","('(Ind) Ian MCLAREN',)","('(Ind) Ian MCLAREN',)","('(SNP) Lynne DEVINE',)","('(SNP) Lynne DEVINE',)"
